Metric,Classical_EKF,Adaptive_EKF,UKF,Improvement_Percentage_AEKF_vs_EKF
Position_RMSE_m,0.2221,0.1556,0.1901,29.92
Position_MAE_m,0.0752758893165832,0.08343998789205134,0.07439593963138669,
Max_Position_Error_m,0.5312132496755769,0.6292907951834229,0.5561049240883947,
Heading_RMSE_deg,0.9292107585586551,0.9290371724079923,0.41876465463333434,
Stop_Zone_RMSE_m,0.11882822346635487,0.1670819819575282,0.1154498430229331,-40.60799453493129
Stop_Lateral_RMSE_m,0.019511144004548148,0.019811226151892194,0.01949878697383933,
Stop_Longitudinal_RMSE_m,0.11721545099432819,0.16590329717402952,0.11379131583986858,
Corridor_Departure_Rate_pct,0.0,0.0,0.0,
