Seed,Method,RMSE,Outlier_Threshold
5,EKF,144.64466412910062,0.22949417677419973
12,EKF,254.8441788794372,0.22949417677419973
24,EKF,69.70330755684796,0.22949417677419973
